idx,phase,enrich_inner,enrich_outer,gd_wt,pitch,refl_thick,gd_pins,gd_pins_used,F_core,F_asm,k_bol,keff_core,EFPD,g_kmin,g_kmax,g_enr,g_peak,g_geom
0,DOE,8.0756,11.0907,7.3463,1.1689,12.9521,28.8758,32,2.2279,1.2407,1.2113,1.14775,7513,-0.1913,-0.1387,-8.6593,0.2279,-5.3802
1,DOE,7.0179,3.0849,6.1751,1.2196,15.0353,24.4652,24,2.8550,1.5822,1.0437,0.98710,0,-0.0237,-0.3063,-12.7321,0.8550,-0.1906
2,DOE,14.3833,3.9915,1.2994,1.1614,11.7205,32.0488,32,3.0293,1.7275,1.1767,1.11019,5214,-0.1567,-0.1733,-5.3667,1.0293,-7.0713
3,DOE,13.7113,2.2906,4.1346,1.1799,9.9936,20.7382,20,3.9375,2.2178,1.0919,1.03028,2870,-0.0719,-0.2581,-6.0387,1.9375,-7.6633
4,DOE,19.0936,10.6308,7.4786,1.2886,5.5109,14.3615,16,2.4348,1.3596,1.3876,1.32708,7513,-0.3676,0.0376,-0.6564,0.4348,-5.4833
5,DOE,11.3908,19.3011,7.6578,1.2449,4.8294,13.5246,12,2.2325,1.2645,1.4425,1.37620,7513,-0.4225,0.0925,-0.4489,0.2325,-8.8483
6,DOE,18.6962,8.4613,3.4098,1.3083,2.8257,29.3720,32,2.6334,1.4140,1.3073,1.24901,7513,-0.2873,-0.0427,-1.0538,0.6334,-6.9601
7,DOE,8.7753,9.1276,1.7152,1.2158,13.3878,32.8835,32,2.0489,1.1616,1.2685,1.20545,7513,-0.2485,-0.0815,-10.6224,0.0489,-2.0708
8,DOE,3.5670,19.3320,5.6224,1.1746,17.2746,21.8934,20,2.6503,1.5423,1.3257,1.25900,7513,-0.3057,-0.0243,-0.4180,0.6503,-0.7062
9,DOE,7.3451,13.5670,3.7616,1.2708,5.2200,18.9750,20,2.3209,1.2885,1.3524,1.29126,7513,-0.3324,0.0024,-6.1830,0.3209,-6.8662
10,DOE,9.5273,14.8959,4.4525,1.2420,8.3664,27.3655,24,2.2200,1.2561,1.3526,1.29066,7513,-0.3326,0.0026,-4.8541,0.2200,-5.4850
11,DOE,15.9680,13.8855,3.1962,1.2791,8.1074,34.1168,32,2.0759,1.1981,1.3637,1.30486,7513,-0.3437,0.0137,-3.7820,0.0759,-3.4710
12,DOE,14.7363,5.0677,3.5745,1.1836,3.1952,16.0101,16,2.9780,1.6619,1.2603,1.19135,6762,-0.2403,-0.0897,-5.0137,0.9780,-14.2378
13,DOE,4.5445,9.4152,4.2801,1.3223,4.4382,23.9190,24,2.4552,1.3283,1.2483,1.19236,7513,-0.2283,-0.1017,-10.3348,0.4552,-4.4907
14,DOE,12.1933,2.7330,5.8601,1.2031,10.9130,38.9988,40,3.4324,1.8872,0.9633,0.91175,0,0.0567,-0.3867,-7.5567,1.4324,-5.3215
15,DOE,3.0365,8.1347,7.9308,1.2525,11.5673,14.8180,16,2.3754,1.3617,1.2117,1.15405,6145,-0.1917,-0.1383,-11.6153,0.3754,-1.6414
16,DOE,18.1667,18.4044,2.3155,1.1939,3.2813,12.2652,12,1.9796,1.1418,1.4645,1.39225,7513,-0.4445,0.1145,-1.3456,-0.0204,-13.5188
17,DOE,16.8272,14.5188,1.4855,1.1542,17.9908,30.2308,32,1.9534,1.1741,1.3764,1.30601,7513,-0.3564,0.0264,-2.9228,-0.0466,-1.2437
18,DOE,4.4398,7.3352,7.1287,1.3328,6.6381,19.7318,20,2.3029,1.2611,1.2057,1.15294,6766,-0.1857,-0.1443,-12.4148,0.3029,-1.6461
19,DOE,15.3132,16.4949,0.6061,1.2661,3.9013,31.6912,32,2.0141,1.1419,1.4403,1.37662,7513,-0.4203,0.0903,-3.2551,0.0141,-8.4722
20,DOE,2.5010,12.1009,1.0061,1.2241,2.3339,26.9645,24,2.6687,1.4994,1.2783,1.21354,7513,-0.2583,-0.0717,-7.6491,0.6687,-12.6141
21,DOE,13.1046,12.0024,4.3870,1.1611,10.5778,14.6255,16,2.0189,1.1404,1.3593,1.28743,7513,-0.3393,0.0093,-6.6454,0.0189,-8.2311
22,DOE,3.7521,2.1560,4.0506,1.2296,11.1781,38.6773,40,2.4085,1.3058,0.7943,0.75129,0,0.2257,-0.5557,-15.9979,0.4085,-3.4316
23,DOE,19.2974,12.9320,5.0759,1.2043,3.1818,19.6273,20,2.2912,1.2857,1.3852,1.31646,7513,-0.3652,0.0352,-0.4526,0.2912,-12.9805
24,DOE,5.4603,7.5268,2.7896,1.3378,4.6189,34.6278,32,2.2754,1.2374,1.1859,1.13351,7480,-0.1659,-0.1641,-12.2232,0.2754,-3.3627
25,DOE,16.0547,7.3898,3.0165,1.2632,6.2763,12.5031,12,2.7132,1.5447,1.3704,1.30644,7513,-0.3504,0.0204,-3.6953,0.7132,-6.2738
26,DOE,5.9302,11.6253,3.5712,1.2139,9.7568,13.0971,12,2.3128,1.2990,1.3533,1.28587,7513,-0.3333,0.0033,-8.1247,0.3128,-5.8155
27,DOE,8.8435,15.7730,2.2942,1.1802,10.9503,13.8700,12,2.1978,1.2594,1.4081,1.33888,7513,-0.3881,0.0581,-3.9770,0.1978,-6.6911
28,DOE,11.7229,10.4000,3.2183,1.2758,9.0714,21.7870,20,2.0337,1.1633,1.3544,1.29351,7513,-0.3344,0.0044,-8.0271,0.0337,-2.7070
29,DOE,15.1390,18.8896,6.3612,1.2489,5.2964,33.4283,32,2.1699,1.2155,1.3682,1.30482,7513,-0.3482,0.0182,-0.8604,0.1699,-8.1326
30,DOE,4.1461,17.6388,5.9847,1.3000,2.6491,16.8860,16,2.6686,1.4630,1.3703,1.31024,7513,-0.3503,0.0203,-2.1112,0.6686,-7.6503
31,DOE,19.5712,13.0644,0.0743,1.2331,2.1438,16.0389,16,2.2511,1.2667,1.4785,1.40747,7513,-0.4585,0.1285,-0.1788,0.2511,-12.2542
32,DOE,7.6751,18.2326,0.3146,1.2668,4.2417,21.0555,20,2.2747,1.3142,1.4536,1.38807,7513,-0.4336,0.1036,-1.5174,0.2747,-8.0890
33,DOE,18.3213,2.6403,6.1670,1.3140,5.7266,31.8673,32,3.7774,2.1191,1.0599,1.01080,5169,-0.0399,-0.2901,-1.4287,1.7774,-3.7147
34,DOE,6.4781,4.5118,1.3478,1.2371,7.1170,37.6077,40,2.1986,1.2110,1.0870,1.03059,4367,-0.0670,-0.2630,-13.2719,0.1986,-7.0379
35,DOE,4.6282,4.6025,6.9503,1.1955,3.8277,15.4507,16,2.0946,1.1404,1.1284,1.06579,2893,-0.1084,-0.2216,-15.1218,0.0946,-12.8727
36,DOE,3.1064,6.7187,4.6875,1.3348,6.7711,26.4449,24,2.4723,1.3219,1.1546,1.10295,5327,-0.1346,-0.1954,-13.0313,0.4723,-1.3925
37,DOE,9.5851,3.8735,2.4812,1.1540,12.3144,18.7954,20,2.8129,1.5948,1.1624,1.09421,3633,-0.1424,-0.1876,-10.1649,0.8129,-6.9315
38,DOE,13.4198,9.3695,1.0522,1.1687,18.0119,17.6915,16,2.1902,1.2787,1.3640,1.29285,7513,-0.3440,0.0140,-6.3302,0.1902,-0.3319
39,DOE,16.4119,13.8758,7.2961,1.1701,15.1644,29.2285,32,2.0655,1.2036,1.3050,1.23833,7513,-0.2850,-0.0450,-3.3381,0.0655,-3.0975
40,DOE,3.3920,8.1987,3.4004,1.2879,9.2046,20.2624,20,2.4189,1.3669,1.2219,1.16639,6893,-0.2019,-0.1281,-11.5513,0.4189,-1.8336
41,DOE,14.9981,9.0058,2.1245,1.2020,14.7986,23.1384,24,2.3357,1.3621,1.3354,1.26880,7513,-0.3154,-0.0146,-4.7519,0.3357,-1.5040
42,it1,18.0556,16.0264,2.0474,1.1500,2.1486,39.6088,40,2.0528,1.1745,1.3639,1.29052,7513,-0.3439,0.0139,-1.6944,0.0528,-17.3428
43,it1,18.3558,15.6047,2.0468,1.1500,2.1516,39.0118,40,2.0810,1.1722,1.3614,1.28883,7513,-0.3414,0.0114,-1.3942,0.0810,-17.3398
44,it1,18.3567,15.5555,2.0631,1.1500,2.1240,38.8245,40,2.0838,1.1862,1.3607,1.28729,7513,-0.3407,0.0107,-1.3933,0.0838,-17.3670
45,it1,18.4660,15.2613,1.8557,1.1506,2.4875,39.8388,40,2.0789,1.1866,1.3636,1.29027,7513,-0.3436,0.0136,-1.2840,0.0789,-16.9656
46,it1,18.4342,15.3345,1.7657,1.1500,5.7575,39.1924,40,2.0826,1.1869,1.3666,1.29429,7513,-0.3466,0.0166,-1.3158,0.0826,-13.7318
47,it1,18.2291,15.6730,2.3801,1.1501,5.0767,37.9340,40,2.0269,1.1743,1.3551,1.28443,7513,-0.3351,0.0051,-1.5209,0.0269,-14.4082
48,it2,7.1085,7.4158,0.0040,1.1500,2.0023,12.0001,12,2.0276,1.1184,1.3579,1.27820,6086,-0.3379,0.0079,-12.3342,0.0276,-17.4884
49,it2,7.0840,7.3922,0.0005,1.1500,2.0022,12.0463,12,1.9828,1.1068,1.3574,1.27771,6086,-0.3374,0.0074,-12.3578,-0.0172,-17.4888
50,it2,7.1077,7.4526,0.0159,1.1501,2.0014,12.0016,12,2.0177,1.1231,1.3558,1.27588,6092,-0.3358,0.0058,-12.2974,0.0177,-17.4839
51,it2,7.1254,7.5124,0.0056,1.1500,2.0052,12.0266,12,2.0647,1.1155,1.3595,1.27891,6126,-0.3395,0.0095,-12.2376,0.0647,-17.4859
52,it2,7.1270,7.5566,0.0056,1.1500,2.0051,12.0104,12,2.0106,1.1276,1.3593,1.27964,6129,-0.3393,0.0093,-12.1934,0.0106,-17.4860
53,it2,7.1139,7.5825,0.0023,1.1500,2.0044,12.0001,12,2.0255,1.1137,1.3604,1.28095,6133,-0.3404,0.0104,-12.1675,0.0255,-17.4869
54,it3,13.0719,15.0019,1.4232,1.1502,19.4145,39.9991,40,2.0012,1.1697,1.3449,1.27386,7513,-0.3249,-0.0051,-4.7481,0.0012,-0.0660
55,it3,13.0719,15.0018,1.8610,1.1501,19.4145,39.9991,40,2.0708,1.1764,1.3324,1.26385,7513,-0.3124,-0.0176,-4.7482,0.0708,-0.0712
56,it3,13.1989,15.3380,1.7975,1.1513,19.3908,39.9312,40,2.0339,1.1947,1.3390,1.26901,7513,-0.3190,-0.0110,-4.4120,0.0339,-0.0181
57,it3,13.0899,15.1290,1.6754,1.1501,19.4395,39.7284,40,2.0034,1.1691,1.3379,1.26903,7513,-0.3179,-0.0121,-4.6210,0.0034,-0.0450
58,it3,13.1949,15.1293,1.7592,1.1500,19.4723,39.9497,40,2.0914,1.1721,1.3357,1.26827,7513,-0.3157,-0.0143,-4.6207,0.0914,-0.0178
59,it3,13.2814,15.1583,1.7638,1.1501,19.3678,39.9985,40,2.0113,1.1898,1.3377,1.26836,7513,-0.3177,-0.0123,-4.5917,0.0113,-0.1186
