case,idx,stage,iteration,t_start,t_last_end,wall_s,solve_s,overhead_s,asm_bol_s,core_bol_s,dep_transport_s,n_dep_solves,n_dep_chunks,n_solves,gap_before_s,gap_kind,runtime_missing,mixed,n_stale_solves,stale_solve_s
case_0000,0,DOE,0,2026-08-21 13:23:48.594015,2026-08-21 15:31:38,7669.405985,7157.433299563,511.9726854370001,17.405984981000003,97.72142594600001,7042.305888636,22,9,24,0.0,start,0,False,0,0.0
case_0001,1,DOE,0,2026-08-21 15:31:46.344189,2026-08-21 16:17:00,2713.655811,2578.477034843,135.1787761569999,17.655810829,107.26667504,2453.554548974,8,2,10,8.344189,intra,0,False,0,0.0
case_0002,2,DOE,0,2026-08-21 16:17:04.529620,2026-08-21 17:52:33,5728.47038,5363.308610745999,365.1617692540003,18.470380479,110.261932904,5234.576297363,16,6,18,4.52962,intra,0,False,0,0.0
case_0003,3,DOE,0,2026-08-21 17:52:39.723530,2026-08-21 18:52:59,3619.27647,3422.41639525,196.86007474999997,18.276470105,112.73041070699999,3291.409514438,10,3,12,6.72353,intra,0,False,0,0.0
case_0004,4,DOE,0,2026-08-21 18:53:04.497630,2026-08-21 20:39:23,6378.50237,5825.363938321999,553.1384316780013,16.502369842,92.16198571900001,5716.699582760999,22,9,24,5.49763,intra,0,False,0,0.0
case_0005,5,DOE,0,2026-08-21 20:39:31.434499,2026-08-21 22:29:03,6571.565501,6006.541571499999,565.023929500001,15.565500766,89.864908617,5901.111162116999,22,9,24,8.434499,intra,0,False,0,0.0
case_0006,6,DOE,0,2026-08-21 22:29:11.549924,2026-08-22 00:14:08,6296.450076,5727.289393075,569.1606829250004,16.450076036,88.628781689,5622.21053535,22,9,24,8.549924,intra,0,False,0,0.0
case_0007,7,DOE,0,2026-08-22 00:14:16.068020,2026-08-22 02:13:20,7143.93198,6568.3615078759985,575.5704721240018,16.931979857,99.85315866600001,6451.576369352999,22,9,24,8.06802,intra,0,False,0,0.0
case_0008,8,DOE,0,2026-08-22 02:13:28.499580,2026-08-22 04:15:37,7328.50042,6749.755894471,578.7445255290004,17.500420458,100.784178213,6631.4712958,22,9,24,8.49958,intra,0,False,0,0.0
case_0009,9,DOE,0,2026-08-22 04:15:44.728251,2026-08-22 06:05:11,6566.271749,5977.117704714001,589.1540442859996,16.271749498,91.032696744,5869.813258472001,22,9,24,7.728251,intra,0,False,0,0.0
case_0010,10,DOE,0,2026-08-22 06:05:19.255682,2026-08-22 07:57:03,6703.744318,6114.395200495,589.3491175050003,16.744317555000002,93.002283384,6004.648599556,22,9,24,8.255682,intra,0,False,0,0.0
case_0011,11,DOE,0,2026-08-22 07:57:11.305656,2026-08-22 09:41:50,6278.694344,5682.238882109,596.4554618909997,15.694343854,89.10009416899999,5577.444444086,22,9,24,8.305656,intra,0,False,0,0.0
case_0012,12,DOE,0,2026-08-22 09:41:58.102766,2026-08-22 11:38:34,6995.897234,6463.001601949001,532.8956320509988,17.897233992,103.608672483,6341.495695474001,20,8,22,8.102766,intra,0,False,0,0.0
case_0013,13,DOE,0,2026-08-22 11:38:41.650136,2026-08-22 13:25:37,6415.349864,5818.467160861999,596.8827031380006,16.349864213,89.29017607600001,5712.827120572999,22,9,24,7.650136,intra,0,False,0,0.0
case_0014,14,DOE,0,2026-08-22 13:25:45.815817,2026-08-22 14:22:57,3431.184183,3210.528938579,220.65524442099968,18.18418303,107.763920023,3084.580835526,10,3,12,8.815817,intra,0,False,0,0.0
case_0015,15,DOE,0,2026-08-22 14:23:01.960970,2026-08-22 15:59:34,5792.03903,5318.688393877,473.3506361230002,17.039030251,98.120994114,5203.528369512,18,7,20,4.96097,intra,0,False,0,0.0
case_0016,16,DOE,0,2026-08-22 15:59:41.482458,2026-08-22 17:57:40,7078.517542,6467.946808752,610.5707332479997,16.517541704,92.827916969,6358.6013500789995,22,9,24,7.482458,intra,0,False,0,0.0
case_0017,17,DOE,0,2026-08-22 17:57:48.683935,2026-08-22 20:04:44,7615.316065,6996.9837421070015,618.3323228929985,17.316064695,103.037619939,6876.630057473001,22,9,24,8.683935,intra,0,False,0,0.0
case_0018,18,DOE,0,2026-08-22 20:04:52.329906,2026-08-22 21:43:31,5918.670094,5378.9191515990005,539.7509424009995,16.670093616,93.416896395,5268.832161588,20,8,22,8.329906,intra,0,False,0,0.0
case_0019,19,DOE,0,2026-08-22 21:43:39.856344,2026-08-22 23:30:29,6409.143656,5797.472648329,611.6710076710006,16.143656204000003,90.31841362200001,5691.010578503,22,9,24,8.856344,intra,0,False,0,0.0
case_0020,20,DOE,0,2026-08-22 23:30:37.626265,2026-08-23 01:31:54,7276.373735,6648.763510902,627.6102240979999,17.373735458,98.80556837500001,6532.5842070690005,22,9,24,8.626265,intra,0,False,0,0.0
case_0021,21,DOE,0,2026-08-23 01:32:02.718663,2026-08-23 03:40:16,7693.281337,7067.555631761999,625.725705238001,17.281336637,101.634525191,6948.639769934,22,9,24,8.718663,intra,0,False,0,0.0
case_0022,22,DOE,0,2026-08-23 03:40:25.244221,2026-08-23 04:27:02,2796.755779,2629.879140256,166.87663874400005,18.755778792999998,110.291607234,2500.831754229,8,2,10,9.244221,intra,0,False,0,0.0
case_0023,23,DOE,0,2026-08-23 04:27:07.835129,2026-08-23 06:24:48,7060.164871,6434.3920905370005,625.7727804629994,17.164871087999998,94.681763971,6322.545455478001,22,9,24,5.835129,intra,0,False,0,0.0
case_0024,24,DOE,0,2026-08-23 06:24:56.700808,2026-08-23 08:11:15,6378.299192,5753.5991085219985,624.7000834780019,16.29919153,90.051434094,5647.248482897999,22,9,24,8.700808,intra,0,False,0,0.0
case_0025,25,DOE,0,2026-08-23 08:11:23.552719,2026-08-23 10:05:44,6860.447281,6226.566098966998,633.881182033002,16.447281218,93.190365031,6116.928452717998,22,9,24,8.552719,intra,0,False,0,0.0
case_0026,26,DOE,0,2026-08-23 10:05:53.052402,2026-08-23 12:07:24,7290.947598,6654.999480449,635.948117551,16.947598194,96.104945437,6541.946936818,22,9,24,9.052402,intra,0,False,0,0.0
case_0027,27,DOE,0,2026-08-23 12:07:32.734137,2026-08-23 14:11:11,7418.265863,6775.465638263002,642.8002247369977,17.265863005,97.56504583700001,6660.634729421002,22,9,24,8.734137,intra,0,False,0,0.0
case_0028,28,DOE,0,2026-08-23 14:11:19.648803,2026-08-23 16:04:00,6760.351197,6108.575204539,651.775992461,16.351196593,91.97895434399999,6000.245053602,22,9,24,8.648803,intra,0,False,0,0.0
case_0029,29,DOE,0,2026-08-23 16:04:08.888144,2026-08-23 17:53:50,6581.111856,5928.242132836,652.8697231640008,16.111856352,90.17495416,5821.955322324,22,9,24,8.888144,intra,0,False,0,0.0
case_0030,30,DOE,0,2026-08-23 17:53:58.997701,2026-08-23 19:42:51,6532.002299,5878.06553074,653.9367682599996,16.002298953,88.724679013,5773.338552774,22,9,24,8.997701,intra,0,False,0,0.0
case_0031,31,DOE,0,2026-08-23 19:42:59.869234,2026-08-23 21:38:35,6935.130766,6282.812887084999,652.3178789150015,17.130765664,94.55974788099999,6171.122373539999,22,9,24,8.869234,intra,0,False,0,0.0
case_0032,32,DOE,0,2026-08-23 21:38:43.718560,2026-08-23 23:29:15,6631.28144,5975.616632849999,655.6648071500003,16.281439900000002,90.793201398,5868.541991552,22,9,24,8.71856,intra,0,False,0,0.0
case_0033,33,DOE,0,2026-08-23 23:29:23.682028,2026-08-24 00:51:28,4924.317972,4476.384636889,447.9333351109999,17.317971988,97.404813765,4361.661851136,16,6,18,8.682028,intra,0,False,0,0.0
case_0034,34,DOE,0,2026-08-24 00:51:35.928947,2026-08-24 02:09:59,4703.071053,4323.827285574,379.243767426,18.071053481,103.81604828600001,4201.940183807,14,5,16,7.928947,intra,0,False,0,0.0
case_0035,35,DOE,0,2026-08-24 02:10:05.606378,2026-08-24 03:10:43,3637.393622,3389.202688682,248.19093331800013,18.393622276,107.488148246,3263.32091816,10,3,12,6.606378,intra,0,False,0,0.0
case_0036,36,DOE,0,2026-08-24 03:10:49.487934,2026-08-24 04:31:01,4811.512066,4366.95232355,444.55974245000016,16.51206643,92.321322448,4258.118934672,16,6,18,6.487934,intra,0,False,0,0.0
case_0037,37,DOE,0,2026-08-24 04:31:08.147440,2026-08-24 05:47:03,4554.85256,4237.7740442879995,317.0785157120008,18.852560359,113.175171034,4105.746312894999,12,4,14,7.14744,intra,0,False,0,0.0
case_0038,38,DOE,0,2026-08-24 05:47:09.465571,2026-08-24 07:56:36,7766.534429,7104.252007773,662.2824212270007,17.534428959000003,102.920660477,6983.796918337,22,9,24,6.465571,intra,0,False,0,0.0
case_0039,39,DOE,0,2026-08-24 07:56:44.867979,2026-08-24 10:00:28,7423.132021,6752.800993431,670.3310275690001,17.132020933,99.74805466800001,6635.920917830001,22,9,24,8.867979,intra,0,False,0,0.0
case_0040,40,DOE,0,2026-08-24 10:00:36.483865,2026-08-24 11:45:39,6302.516135,5705.477161329,597.0389736709994,16.516135186,95.643726656,5593.317299487,20,8,22,8.483865,intra,0,False,0,0.0
case_0041,41,DOE,0,2026-08-24 11:45:46.886194,2026-08-24 13:49:08,7401.113806,6732.202905558001,668.9109004419997,17.113805932,98.98270274699999,6616.106396879,22,9,24,7.886194,intra,0,False,0,0.0
case_0042,42,infill,1,2026-08-24 16:22:13.057324,2026-08-24 18:28:43,7589.942676,7047.823060086001,542.119615913999,16.942675783,94.121976289,6936.758408014,22,9,24,9185.057324,session_break,0,False,0,0.0
case_0043,43,infill,1,2026-08-24 18:28:51.533476,2026-08-24 20:31:48,7376.466524,6811.740258726998,564.7262652730024,17.466524073,101.41375952499999,6692.8599751289985,22,9,24,8.533476,intra,0,False,0,0.0
case_0044,44,infill,1,2026-08-24 20:31:56.164647,2026-08-24 22:34:05,7328.835353,6761.391525977001,567.4438270229994,17.835353027,101.58651154299999,6641.969661407001,22,9,24,8.164647,intra,0,False,0,0.0
case_0045,45,infill,1,2026-08-24 22:34:13.889311,2026-08-25 00:37:06,7372.110689,6793.828278493,578.2824105070003,17.110688831,99.57979388599999,6677.137795776,22,9,24,8.889311,intra,0,False,0,0.0
case_0046,46,infill,1,2026-08-25 00:37:14.762983,2026-08-25 02:39:37,7342.237017,6771.847216268,570.3898007320004,17.23701653,100.208835967,6654.401363771,22,9,24,8.762983,intra,0,False,0,0.0
case_0047,47,infill,1,2026-08-25 02:39:46.343767,2026-08-25 04:41:54,7327.656233,6746.868496776001,580.7877362239988,17.656232893000002,99.20088874199999,6630.011375141001,22,9,24,9.343767,intra,0,False,0,0.0
case_0048,48,infill,2,2026-08-25 04:42:06.830223,2026-08-25 06:32:21,6614.169777,6148.004992774001,466.16478422599903,18.169777311,106.797425177,6023.037790286001,18,7,20,12.830223,optimiser,0,False,0,0.0
case_0049,49,infill,2,2026-08-25 06:32:27.604884,2026-08-25 08:23:14,6646.395116,6183.778053586999,462.6170624130009,18.395115921000002,107.975201494,6057.407736171999,18,7,20,6.604884,intra,0,False,0,0.0
case_0050,50,infill,2,2026-08-25 08:23:21.579987,2026-08-25 10:13:55,6633.420013,6168.881832945,464.53818005500034,18.420012649,105.384370369,6045.077449926999,18,7,20,7.579987,intra,0,False,0,0.0
case_0051,51,infill,2,2026-08-25 10:14:02.652381,2026-08-25 12:04:14,6611.347619,6146.379787144,464.967831856,18.347618902,105.33670438899999,6022.695463853001,18,7,20,7.652381,intra,0,False,0,0.0
case_0052,52,infill,2,2026-08-25 12:04:21.654089,2026-08-25 13:54:49,6627.345911,6158.246992592999,469.0989184070013,18.345910683,106.463029282,6033.438052627999,18,7,20,7.654089,intra,0,False,0,0.0
case_0053,53,infill,2,2026-08-25 13:54:57.079127,2026-08-25 15:45:39,6641.920873,6164.745026424001,477.17584657599946,17.920873226,105.524803459,6041.299349739001,18,7,20,8.079127,intra,0,False,0,0.0
case_0054,54,infill,3,2026-08-25 15:45:51.344955,2026-08-25 17:50:56,7504.655045,6903.782329481998,600.8727155180022,17.655044972,103.636803569,6782.490480940998,22,9,24,12.344955,optimiser,0,False,0,0.0
case_0055,55,infill,3,2026-08-25 17:51:04.396612,2026-08-25 19:58:07,7622.603388,7020.731855720999,601.8715322790013,17.603388444,103.214145426,6899.914321850999,22,9,24,8.396612,intra,0,False,0,0.0
case_0056,56,infill,3,2026-08-25 19:58:16.483987,2026-08-25 22:02:29,7452.516013,6855.372785403,597.1432275970001,17.516013021,104.01594014800001,6733.840832234,22,9,24,9.483987,intra,0,False,0,0.0
case_0057,57,infill,3,2026-08-25 22:02:38.061278,2026-08-26 00:07:25,7486.938722,6878.078438325,608.8602836749997,17.93872184,103.986586029,6756.153130456,22,9,24,9.061278,intra,0,False,0,0.0
case_0058,58,infill,3,2026-08-26 00:07:33.256706,2026-08-26 02:13:14,7540.743294,6929.387865567,611.3554284330003,17.743294165000002,102.140588106,6809.503983295999,22,9,24,8.256706,intra,0,False,0,0.0
case_0059,59,infill,3,2026-08-26 02:13:22.594206,2026-08-26 04:17:57,7474.405794,6856.837344653,617.5684493469998,17.405794413000002,102.00299769600001,6737.428552544,22,9,24,8.594206,intra,0,False,0,0.0
