file,end,n_particles,n_batches,n_inactive,init_s,sim_s,transport_s
rank_c3/cand0/p64000/seed1/statepoint.120.h5,2026-08-11 20:46:22,64000,120,30,5.9,37.6,36.4
rank_c3/cand0/p64000/seed2/statepoint.120.h5,2026-08-11 20:47:08,64000,120,30,6.0,37.1,36.0
rank_c3/cand0/p64000/seed3/statepoint.120.h5,2026-08-11 20:47:55,64000,120,30,6.1,37.3,36.2
rank_c3/cand0/p64000/seed4/statepoint.120.h5,2026-08-11 20:48:42,64000,120,30,6.1,37.8,36.7
rank_c3/cand0/p64000/seed5/statepoint.120.h5,2026-08-11 20:49:29,64000,120,30,6.2,38.0,36.7
rank_c3/cand1/p64000/seed1/statepoint.120.h5,2026-08-11 20:50:22,64000,120,30,6.0,43.2,41.9
rank_c3/cand1/p64000/seed2/statepoint.120.h5,2026-08-11 20:51:14,64000,120,30,6.2,42.5,41.4
rank_c3/cand1/p64000/seed3/statepoint.120.h5,2026-08-11 20:52:06,64000,120,30,6.3,42.3,41.1
rank_c3/cand1/p64000/seed4/statepoint.120.h5,2026-08-11 20:52:59,64000,120,30,6.4,42.5,41.3
rank_c3/cand1/p64000/seed5/statepoint.120.h5,2026-08-11 20:53:52,64000,120,30,6.6,43.1,41.8
rank_c3/cand2/p64000/seed1/statepoint.120.h5,2026-08-11 20:54:39,64000,120,30,6.4,38.0,36.8
rank_c3/cand2/p64000/seed2/statepoint.120.h5,2026-08-11 20:55:28,64000,120,30,6.3,38.6,37.3
rank_c3/cand2/p64000/seed3/statepoint.120.h5,2026-08-11 20:56:16,64000,120,30,6.3,38.6,37.4
rank_c3/cand2/p64000/seed4/statepoint.120.h5,2026-08-11 20:57:05,64000,120,30,6.1,39.3,38.1
rank_c3/cand2/p64000/seed5/statepoint.120.h5,2026-08-11 20:57:53,64000,120,30,6.3,38.6,37.5
rank_c3/cand3/p64000/seed1/statepoint.120.h5,2026-08-11 20:58:46,64000,120,30,6.1,43.5,42.1
rank_c3/cand3/p64000/seed2/statepoint.120.h5,2026-08-11 20:59:39,64000,120,30,6.1,43.7,42.4
rank_c3/cand3/p64000/seed3/statepoint.120.h5,2026-08-11 21:00:32,64000,120,30,6.1,43.3,42.1
rank_c3/cand3/p64000/seed4/statepoint.120.h5,2026-08-11 21:01:25,64000,120,30,6.1,43.9,42.7
rank_c3/cand3/p64000/seed5/statepoint.120.h5,2026-08-11 21:02:19,64000,120,30,6.2,43.8,42.5
rank_c3/cand4/p64000/seed1/statepoint.120.h5,2026-08-11 21:03:07,64000,120,30,6.1,39.2,38.1
rank_c3/cand4/p64000/seed2/statepoint.120.h5,2026-08-11 21:03:56,64000,120,30,6.1,39.4,38.2
rank_c3/cand4/p64000/seed3/statepoint.120.h5,2026-08-11 21:04:44,64000,120,30,6.1,38.8,37.6
rank_c3/cand4/p64000/seed4/statepoint.120.h5,2026-08-11 21:05:33,64000,120,30,6.1,39.3,38.1
rank_c3/cand4/p64000/seed5/statepoint.120.h5,2026-08-11 21:06:22,64000,120,30,6.1,39.0,37.7
rank_c3/cand5/p64000/seed1/statepoint.120.h5,2026-08-11 21:07:12,64000,120,30,6.1,40.4,39.3
rank_c3/cand5/p64000/seed2/statepoint.120.h5,2026-08-11 21:08:00,64000,120,30,6.1,39.4,38.2
rank_c3/cand5/p64000/seed3/statepoint.120.h5,2026-08-11 21:08:49,64000,120,30,6.1,39.6,38.5
rank_c3/cand5/p64000/seed4/statepoint.120.h5,2026-08-11 21:09:39,64000,120,30,6.1,40.0,38.7
rank_c3/cand5/p64000/seed5/statepoint.120.h5,2026-08-11 21:10:29,64000,120,30,6.6,39.6,38.3
rank_c3/cand6/p64000/seed1/statepoint.120.h5,2026-08-11 21:11:18,64000,120,30,6.1,40.0,38.8
rank_c3/cand6/p64000/seed2/statepoint.120.h5,2026-08-11 21:12:08,64000,120,30,6.1,40.5,39.3
rank_c3/cand6/p64000/seed3/statepoint.120.h5,2026-08-11 21:12:57,64000,120,30,6.1,39.6,38.5
rank_c3/cand6/p64000/seed4/statepoint.120.h5,2026-08-11 21:13:46,64000,120,30,6.0,39.2,38.0
rank_c3/cand6/p64000/seed5/statepoint.120.h5,2026-08-11 21:14:35,64000,120,30,6.1,40.0,38.8
rank_c3/cand0/p256000/seed1/statepoint.120.h5,2026-08-11 21:17:25,256000,120,30,6.5,159.8,149.8
rank_c3/cand0/p256000/seed2/statepoint.120.h5,2026-08-11 21:20:15,256000,120,30,6.1,160.2,150.9
rank_c3/cand0/p256000/seed3/statepoint.120.h5,2026-08-11 21:23:04,256000,120,30,6.1,159.8,149.7
rank_c3/cand0/p256000/seed4/statepoint.120.h5,2026-08-11 21:25:54,256000,120,30,6.1,160.7,151.2
rank_c3/cand0/p256000/seed5/statepoint.120.h5,2026-08-11 21:28:44,256000,120,30,6.1,159.7,150.0
rank_c3/cand0/p256000/seed6/statepoint.120.h5,2026-08-11 21:31:33,256000,120,30,6.1,160.0,150.6
rank_c3/cand0/p256000/seed7/statepoint.120.h5,2026-08-11 21:34:23,256000,120,30,6.1,160.1,150.9
rank_c3/cand0/p256000/seed8/statepoint.120.h5,2026-08-11 21:37:13,256000,120,30,6.1,160.3,151.0
rank_c3/cand1/p256000/seed1/statepoint.120.h5,2026-08-11 21:40:19,256000,120,30,6.1,176.2,166.9
rank_c3/cand1/p256000/seed2/statepoint.120.h5,2026-08-11 21:43:24,256000,120,30,6.2,176.0,166.6
rank_c3/cand1/p256000/seed3/statepoint.120.h5,2026-08-11 21:46:31,256000,120,30,6.1,177.5,168.2
rank_c3/cand1/p256000/seed4/statepoint.120.h5,2026-08-11 21:49:38,256000,120,30,6.2,177.0,167.6
rank_c3/cand1/p256000/seed5/statepoint.120.h5,2026-08-11 21:52:47,256000,120,30,6.1,179.7,170.5
rank_c3/cand1/p256000/seed6/statepoint.120.h5,2026-08-11 21:55:54,256000,120,30,6.1,177.7,168.2
rank_c3/cand1/p256000/seed7/statepoint.120.h5,2026-08-11 21:59:01,256000,120,30,6.1,176.9,167.4
rank_c3/cand1/p256000/seed8/statepoint.120.h5,2026-08-11 22:02:08,256000,120,30,6.1,178.0,168.7
rank_c3/cand2/p256000/seed1/statepoint.120.h5,2026-08-11 22:04:57,256000,120,30,6.1,159.0,149.6
rank_c3/cand2/p256000/seed2/statepoint.120.h5,2026-08-11 22:07:47,256000,120,30,6.2,160.4,150.1
rank_c3/cand2/p256000/seed3/statepoint.120.h5,2026-08-11 22:10:35,256000,120,30,6.1,158.6,149.1
rank_c3/cand2/p256000/seed4/statepoint.120.h5,2026-08-11 22:13:27,256000,120,30,6.1,161.7,152.6
rank_c3/cand2/p256000/seed5/statepoint.120.h5,2026-08-11 22:16:15,256000,120,30,6.1,158.3,149.0
rank_c3/cand2/p256000/seed6/statepoint.120.h5,2026-08-11 22:19:03,256000,120,30,6.1,158.4,149.0
rank_c3/cand2/p256000/seed7/statepoint.120.h5,2026-08-11 22:21:52,256000,120,30,6.1,159.8,150.1
rank_c3/cand2/p256000/seed8/statepoint.120.h5,2026-08-11 22:24:41,256000,120,30,6.1,159.1,150.0
rank_c3/cand5/p256000/seed1/statepoint.120.h5,2026-08-11 22:27:32,256000,120,30,6.3,161.6,151.3
rank_c3/cand5/p256000/seed2/statepoint.120.h5,2026-08-11 22:30:24,256000,120,30,6.2,162.2,152.8
rank_c3/cand5/p256000/seed3/statepoint.120.h5,2026-08-11 22:33:16,256000,120,30,6.1,162.7,152.4
rank_c3/cand5/p256000/seed4/statepoint.120.h5,2026-08-11 22:36:06,256000,120,30,6.2,160.5,151.1
rank_c3/cand5/p256000/seed5/statepoint.120.h5,2026-08-11 22:38:57,256000,120,30,6.1,161.4,152.1
rank_c3/cand5/p256000/seed6/statepoint.120.h5,2026-08-11 22:41:49,256000,120,30,6.1,162.0,152.6
rank_c3/cand5/p256000/seed7/statepoint.120.h5,2026-08-11 22:44:40,256000,120,30,6.1,161.8,151.7
rank_c3/cand5/p256000/seed8/statepoint.120.h5,2026-08-11 22:47:31,256000,120,30,6.1,161.7,152.3
rank_c3/cand7/p64000/seed1/statepoint.120.h5,2026-08-12 01:28:39,64000,120,30,6.0,39.5,38.4
rank_c3/cand7/p64000/seed2/statepoint.120.h5,2026-08-12 01:29:28,64000,120,30,6.0,40.4,39.2
rank_c3/cand7/p64000/seed3/statepoint.120.h5,2026-08-12 01:30:19,64000,120,30,6.1,40.7,39.4
rank_c3/cand7/p64000/seed4/statepoint.120.h5,2026-08-12 01:31:09,64000,120,30,6.0,41.2,40.1
rank_c3/cand7/p64000/seed5/statepoint.120.h5,2026-08-12 01:32:00,64000,120,30,6.1,40.7,39.6
rank_c3/cand8/p64000/seed1/statepoint.120.h5,2026-08-12 01:32:51,64000,120,30,6.3,41.9,40.7
rank_c3/cand8/p64000/seed2/statepoint.120.h5,2026-08-12 01:33:42,64000,120,30,6.3,41.3,40.2
rank_c3/cand8/p64000/seed3/statepoint.120.h5,2026-08-12 01:34:34,64000,120,30,6.4,41.9,40.8
rank_c3/cand8/p64000/seed4/statepoint.120.h5,2026-08-12 01:35:26,64000,120,30,6.5,42.1,40.9
rank_c3/cand8/p64000/seed5/statepoint.120.h5,2026-08-12 01:36:17,64000,120,30,6.1,42.3,41.0
rank_c3/cand9/p64000/seed1/statepoint.120.h5,2026-08-12 01:37:06,64000,120,30,6.3,38.5,37.4
rank_c3/cand9/p64000/seed2/statepoint.120.h5,2026-08-12 01:37:54,64000,120,30,6.1,38.4,37.2
rank_c3/cand9/p64000/seed3/statepoint.120.h5,2026-08-12 01:38:42,64000,120,30,6.3,38.8,37.6
rank_c3/cand9/p64000/seed4/statepoint.120.h5,2026-08-12 01:39:30,64000,120,30,6.1,38.3,37.1
rank_c3/cand9/p64000/seed5/statepoint.120.h5,2026-08-12 01:40:18,64000,120,30,6.3,38.4,37.3
rank_c3/cand6/p256000/seed1/statepoint.120.h5,2026-08-12 01:43:05,256000,120,30,6.2,157.5,148.1
rank_c3/cand6/p256000/seed2/statepoint.120.h5,2026-08-12 01:45:53,256000,120,30,6.2,158.1,148.2
rank_c3/cand6/p256000/seed3/statepoint.120.h5,2026-08-12 01:48:41,256000,120,30,6.3,158.0,148.8
rank_c3/cand6/p256000/seed4/statepoint.120.h5,2026-08-12 01:51:30,256000,120,30,6.3,159.5,148.9
rank_c3/cand6/p256000/seed5/statepoint.120.h5,2026-08-12 01:54:18,256000,120,30,6.4,158.0,148.8
rank_c3/cand6/p256000/seed6/statepoint.120.h5,2026-08-12 01:57:07,256000,120,30,6.2,159.1,148.8
rank_c3/cand6/p256000/seed7/statepoint.120.h5,2026-08-12 01:59:55,256000,120,30,6.3,158.4,149.0
rank_c3/cand6/p256000/seed8/statepoint.120.h5,2026-08-12 02:02:46,256000,120,30,6.2,160.6,151.2
