idx,phase,enrich_inner,enrich_outer,gd_wt,pitch,refl_thick,F_core,F_asm,k_bol,keff_core,EFPD,g_kmin,g_kmax,g_enr,g_peak,g_geom
0,DOE,17.5757,4.4371,7.3584,1.2554,6.6891,3.5159,1.9262,1.2937,1.23192,7513,-0.2737,-0.0563,-2.1743,1.5159,-6.3610
1,DOE,9.5552,10.8291,7.1680,1.3001,9.8866,2.0725,1.1709,1.3808,1.32113,7513,-0.3608,0.0308,-8.9209,0.0725,-0.4259
2,DOE,5.7920,19.5466,5.3106,1.3239,6.1345,2.5707,1.4233,1.4291,1.37209,7513,-0.4091,0.0791,-0.2034,0.5707,-2.7207
3,DOE,12.5684,7.3156,6.1262,1.2130,2.7375,2.4878,1.3890,1.3317,1.26250,7513,-0.3117,-0.0183,-7.1816,0.4878,-12.9144
4,DOE,7.8807,14.7882,2.2366,1.1723,15.7495,2.2593,1.2951,1.3914,1.31936,7513,-0.3714,0.0414,-4.9618,0.2593,-2.3930
5,DOE,16.3193,18.7152,6.5452,1.3116,8.7766,2.0646,1.1754,1.4775,1.41743,7513,-0.4575,0.1275,-1.0348,0.0646,-0.8294
6,DOE,12.2807,11.5034,1.8065,1.1807,15.3949,1.9215,1.1461,1.3955,1.32295,7513,-0.3755,0.0455,-7.4693,-0.0785,-2.2345
7,DOE,2.9188,15.5014,5.3936,1.1504,4.8033,2.7302,1.5890,1.3212,1.24813,7513,-0.3012,-0.0288,-4.2486,0.7302,-14.6845
8,DOE,6.9560,8.9086,2.0268,1.2684,3.0569,2.1986,1.2043,1.3512,1.28734,7513,-0.3312,0.0012,-10.8414,0.1986,-9.1990
9,DOE,11.3452,3.3122,0.7509,1.2088,7.9388,3.4223,1.8364,1.2512,1.18607,4524,-0.2312,-0.0988,-8.4048,1.4223,-7.9668
10,DOE,14.4095,6.3850,3.6453,1.2501,12.5463,2.7368,1.5583,1.3444,1.28079,7513,-0.3244,-0.0056,-5.3405,0.7368,-0.8271
11,DOE,9.9087,16.3628,3.8706,1.3409,3.7440,2.2674,1.2542,1.4506,1.39102,7513,-0.4306,0.1006,-3.3872,0.2674,-4.0635
12,DOE,10.7275,18.2150,3.1310,1.2022,10.4314,2.1969,1.2535,1.4360,1.36703,7513,-0.4160,0.0860,-1.5350,0.1969,-5.8833
13,DOE,15.8762,13.0466,4.1731,1.2643,5.2914,2.1480,1.2094,1.4345,1.37185,7513,-0.4145,0.0845,-3.8738,0.1480,-7.2161
14,DOE,13.1190,4.8398,0.4926,1.2305,13.2440,2.9319,1.6445,1.3350,1.26738,7439,-0.3150,-0.0150,-6.6310,0.9319,-1.3313
15,DOE,4.1303,19.0787,7.6092,1.3362,5.6530,2.7138,1.5144,1.4041,1.34615,7513,-0.3841,0.0541,-0.6713,0.7138,-2.4475
16,DOE,18.8959,11.1015,2.5264,1.1877,14.3153,2.3873,1.3473,1.4148,1.34386,7513,-0.3948,0.0648,-0.8541,0.3873,-2.8835
17,DOE,6.8500,12.4314,1.1928,1.2238,12.9879,2.2433,1.2785,1.3886,1.32198,7513,-0.3686,0.0386,-7.3186,0.2433,-2.0007
18,DOE,4.4803,9.4473,1.7658,1.1900,2.0749,2.4006,1.3397,1.3095,1.23890,7472,-0.2895,-0.0405,-10.3027,0.4006,-14.9853
19,DOE,6.2460,14.1414,6.3322,1.1649,11.5685,2.3023,1.3493,1.3504,1.28088,7513,-0.3304,0.0004,-5.6086,0.3023,-7.0325
20,DOE,18.2451,10.2262,7.9397,1.2035,7.2908,2.4807,1.3940,1.3890,1.31981,7513,-0.3690,0.0390,-1.5049,0.4807,-8.9393
21,DOE,6.1157,15.1181,1.7222,1.1854,12.1450,2.3247,1.3555,1.3861,1.31758,7513,-0.3661,0.0361,-4.6319,0.3247,-5.1940
22,DOE,15.0363,13.4267,3.3388,1.1951,8.1021,2.0602,1.1715,1.4189,1.34847,7513,-0.3989,0.0689,-4.7137,0.0602,-8.6432
23,DOE,11.5131,7.6173,5.7984,1.3406,7.5898,2.4050,1.3107,1.3588,1.30084,7513,-0.3388,0.0088,-8.2369,0.4050,-0.2372
24,DOE,18.4195,3.1910,2.0693,1.2729,6.7691,4.0469,2.2107,1.2801,1.21796,7436,-0.2601,-0.0699,-1.3305,2.0469,-5.2113
25,DOE,5.0139,18.4116,6.6901,1.2170,9.0607,2.5974,1.4589,1.3879,1.32252,7513,-0.3679,0.0379,-1.3384,0.5974,-6.3451
26,DOE,12.2761,16.8395,7.0016,1.2776,2.7963,2.2006,1.2213,1.4424,1.37849,7513,-0.4224,0.0924,-2.9105,0.2006,-8.8918
27,DOE,13.3308,2.3689,1.1969,1.3841,3.5791,4.1290,2.2310,1.2021,1.15198,4486,-0.1821,-0.1479,-6.4192,2.1290,-1.5824
28,DOE,19.7074,15.3688,0.2181,1.3219,6.3658,2.1140,1.1925,1.5156,1.45333,7513,-0.4956,0.1656,-0.0426,0.1140,-2.6066
29,DOE,12.6670,9.1267,7.1182,1.2634,8.3353,2.2668,1.2721,1.3705,1.30751,7513,-0.3505,0.0205,-7.0830,0.2668,-4.2267
30,DOE,4.8098,7.9529,6.3088,1.1578,15.0995,2.2349,1.2772,1.2524,1.18354,5939,-0.2324,-0.0976,-11.7971,0.2349,-3.9355
31,DOE,8.9443,11.3461,1.4300,1.2828,4.7662,2.1324,1.1930,1.4083,1.34429,7513,-0.3883,0.0583,-8.4039,0.1324,-6.6034
32,DOE,16.9926,19.4018,5.3072,1.1600,4.0201,2.0782,1.1744,1.4458,1.37050,7513,-0.4258,0.0958,-0.3482,0.0782,-14.8794
33,DOE,7.9151,2.8635,3.7585,1.1671,2.3124,3.2331,1.7871,1.1454,1.07735,2696,-0.1254,-0.2046,-11.8349,1.2331,-16.1533
34,DOE,6.9329,3.8481,3.0710,1.2294,5.5215,2.5955,1.4564,1.2027,1.13967,3695,-0.1827,-0.1473,-12.8171,0.5955,-9.1235
35,DOE,14.5016,9.4119,4.1386,1.2270,11.3604,2.3073,1.3158,1.3853,1.31766,7513,-0.3653,0.0353,-5.2484,0.3073,-3.4344
36,it1,14.0402,11.1390,5.9341,1.1501,19.4723,2.0860,1.2285,1.3667,1.29440,7513,-0.3467,0.0167,-5.7098,0.0860,-0.0152
37,it1,14.0402,11.1591,5.9341,1.1501,19.4723,2.1308,1.2161,1.3671,1.29465,7513,-0.3471,0.0171,-5.7098,0.1308,-0.0153
38,it1,14.0572,11.1989,5.9341,1.1500,19.4685,2.0822,1.2280,1.3675,1.29472,7513,-0.3475,0.0175,-5.6928,0.0822,-0.0222
39,it1,14.0156,11.1876,5.9319,1.1500,19.4867,2.1249,1.2317,1.3689,1.29475,7513,-0.3489,0.0189,-5.7344,0.1249,-0.0020
40,it1,14.0039,11.1876,5.9319,1.1500,19.4771,2.0465,1.2261,1.3664,1.29425,7513,-0.3464,0.0164,-5.7461,0.0465,-0.0115
41,it1,14.0368,11.2514,6.0405,1.1501,19.3766,2.1047,1.2254,1.3667,1.29490,7513,-0.3467,0.0167,-5.7132,0.1047,-0.1066
42,it2,11.5379,11.9316,8.0000,1.1500,19.4914,1.9621,1.1710,1.3556,1.28361,7513,-0.3356,0.0056,-7.8184,-0.0379,-0.0001
43,it2,11.5379,11.9316,8.0000,1.1500,19.4913,1.9982,1.1549,1.3555,1.28412,7513,-0.3355,0.0055,-7.8184,-0.0018,-0.0002
44,it2,11.5379,11.9316,8.0000,1.1500,19.4914,1.9472,1.1584,1.3564,1.28432,7513,-0.3364,0.0064,-7.8184,-0.0528,-0.0001
45,it2,11.5379,11.9316,7.9999,1.1500,19.4914,2.0102,1.1497,1.3561,1.28387,7513,-0.3361,0.0061,-7.8184,0.0102,-0.0001
46,it2,11.5378,11.9316,7.9999,1.1500,19.4914,1.9690,1.1598,1.3567,1.28521,7513,-0.3367,0.0067,-7.8184,-0.0310,-0.0001
47,it2,11.5378,11.9316,7.9999,1.1500,19.4914,1.9752,1.1593,1.3555,1.28387,7513,-0.3355,0.0055,-7.8184,-0.0248,-0.0001
48,it3,10.8581,11.7470,7.9805,1.1500,19.4845,2.0234,1.1783,1.3507,1.27871,7513,-0.3307,0.0007,-8.0030,0.0234,-0.0062
49,it3,10.8581,11.7470,7.9804,1.1500,19.4775,2.0102,1.1744,1.3494,1.27857,7513,-0.3294,-0.0006,-8.0030,0.0102,-0.0133
50,it3,10.8581,11.7471,7.9776,1.1500,19.4703,2.0171,1.1762,1.3497,1.27913,7513,-0.3297,-0.0003,-8.0029,0.0171,-0.0209
51,it3,10.8581,11.7471,7.9777,1.1500,19.4623,2.0471,1.1660,1.3502,1.27915,7513,-0.3302,0.0002,-8.0029,0.0471,-0.0290
52,it3,10.8581,11.7471,7.9776,1.1500,19.3797,2.0233,1.1641,1.3500,1.27863,7513,-0.3300,0.0000,-8.0029,0.0233,-0.1115
53,it3,10.8583,11.7470,7.9806,1.1500,19.3624,1.9773,1.1648,1.3503,1.27817,7513,-0.3303,0.0003,-8.0030,-0.0227,-0.1284
