idx,enrich_inner,enrich_outer,gd_wt,pitch,refl_thick,gd_pins,F_asm,F_uniform,F_zoned,dF,k_core_uniform,k_core_zoned,dk_pcm,share_C,share_M,share_P,max_enr_zoned,leu_screen_ok,leu20_ok,seeds
0,8.075602119608604,11.090736172699179,7.346318562841539,1.1689105496984442,12.9521352646617,28.8758426658683,1.2406682301298377,2.2278579056283494,1.850515847317071,-0.3773420583112783,1.1477523525905358,1.1353517354759564,-1240.0617114579404,0.17688899945374822,0.4480522943274149,0.37505870621883697,11.922541385651616,True,True,1
1,7.017897926633005,3.0848595356100166,6.175111943880818,1.2195925289920093,15.035255774282495,24.465185265877388,1.582227374324482,2.854990692791277,2.302179343197092,-0.5528113495941853,0.9871001246178827,0.9710232481038784,-1607.6876514004246,0.1726656951672332,0.4533029770915332,0.3740313277412336,7.544240271130479,True,True,1
2,14.383344538585964,3.9914815508328965,1.299430740688929,1.1614156490518617,11.720472564905334,32.04877463361353,1.7275410067319261,3.0292735406096014,2.5825180221900355,-0.44675551841956596,1.1101891476415655,1.0964114818765858,-1377.766576497974,0.17643434731152924,0.4508099456013645,0.3727557070871062,15.46209537897991,True,True,1
3,13.7113092610178,2.290622256336342,4.134597273831192,1.179930240011954,9.993639609384706,20.738169963465335,2.217792693741579,3.9374806608321427,3.2810293612741948,-0.6564512995579479,1.0302827274148392,1.0150181196481396,-1526.4607766699578,0.1759108282250122,0.45347325920305304,0.3706159125719346,14.739657455594134,True,True,1
4,19.09358530220196,10.630819218648988,7.47864492745221,1.2886302682260822,5.510946926265503,14.361539165103146,1.359602041978356,2.4347643641328567,2.1425030302447357,-0.29226133388812103,1.3270831893657087,1.3164076236014757,-1067.5565764233008,0.18732029013906815,0.45663817757170766,0.35604153228922414,20.525604199867104,False,False,1
5,11.390806913981676,19.301096896243934,7.657833176135093,1.2448506226435714,4.829381482305863,13.524587132290947,1.2644907444659241,2.2324939923266784,2.0469243501439913,-0.18556964218268712,1.3761954535676406,1.3681326167823264,-806.2836785314165,0.1887379978306983,0.454871514705661,0.3563904874636406,20.748679163462228,False,False,1
6,18.696171769919836,8.461284515344971,3.4098350209819857,1.3083463873729022,2.8256751610797792,29.372019583969937,1.4140336908555136,2.633444222125545,2.188102057650554,-0.4453421644749911,1.2490088375623263,1.2342946320560424,-1471.4205506283884,0.18428131883731103,0.4592811063511986,0.3564375748114903,20.098384652663825,False,False,1
7,8.775287796587694,9.127557803300526,1.7151803133035246,1.2157964415210936,13.387753977058683,32.883479196790844,1.161643675369102,2.0488854091476276,1.731004392654236,-0.3178810164933916,1.2054469121302729,1.1922413151538518,-1320.5596976421098,0.17839667870695702,0.4508145308003034,0.3707887904927396,9.812124638548065,True,True,1
8,3.56698371961122,19.33203687612112,5.6223716365041225,1.1746456320677163,17.274618092324523,21.89336500529237,1.5423392702017091,2.650283303340262,2.318597337851447,-0.33168596548881535,1.258995888202746,1.2483789130515734,-1061.6975151172658,0.17906554932822114,0.44556501764792455,0.3753694330238544,20.781939641830203,False,False,1
9,7.345149868052045,13.566984238545016,3.761649461441303,1.2708148853707408,5.220038640269184,18.974981266906354,1.2884836133924003,2.3209396374831304,2.000918591167884,-0.3200210463152464,1.291257820087997,1.2797537703867603,-1150.404970123664,0.18547485258573393,0.45592410261199084,0.3586010448022753,14.584508056435892,True,True,1
10,9.527343713439965,14.895883711066663,4.452536211926971,1.2420172837068062,8.366354042407938,27.365451563436025,1.2561388327907508,2.220041655555515,1.9497034570711327,-0.27033819848438223,1.2906575394370574,1.280307404144412,-1035.013529264539,0.18416394138939587,0.45201026541711575,0.36382579319348823,16.01307498939666,True,True,1
11,15.968011941782732,13.885456664630723,3.1962039306044425,1.279098900468526,8.10739847618335,34.11678409242246,1.1980560633314472,2.0758886442020597,1.7920831882210915,-0.2838054559809682,1.3048641070403015,1.2935525994459105,-1131.1507594391035,0.1820844012072758,0.453263782949915,0.36465181584280926,17.165612837416436,True,True,1
12,14.7363006381069,5.067650932556061,3.5745461265772724,1.1835823935635912,3.195229385092892,16.01013915699687,1.6618676599433604,2.9779982491991155,2.560316513352718,-0.41768173584639756,1.191349343061574,1.1782660445504163,-1308.3298511157748,0.1851559016614847,0.4575096895525357,0.35733440878597955,15.841523185964917,True,True,1
13,4.544533759351959,9.415191767069663,4.280099367254444,1.3223266939207106,4.438155379991463,23.919033683877714,1.328340508901718,2.4552430271159067,2.0464214326729313,-0.4088215944429754,1.1923612548390026,1.1782938151720113,-1406.743966699131,0.1835291615220055,0.45890004240052334,0.35757079607747116,10.121331149599888,True,True,1
14,12.19332911920328,2.7330369986821887,5.8600997058321305,1.2031369973823303,10.912979784560974,38.99884280100319,1.8871972163991242,3.432421652565442,2.674833954514567,-0.7575876980508749,0.9117507026833999,0.8946441690009239,-1710.6533682475945,0.1680467940565293,0.4519948030170583,0.3799584029264124,13.107828803143526,True,True,1
15,3.036538315783556,8.134660822965717,7.930840045327657,1.252500326225927,11.567344120037474,14.818022227922295,1.3616929766424448,2.3754182823216508,2.04952787236948,-0.32589040995217067,1.1540544997728792,1.1406498673226246,-1340.4632450254583,0.18032831716529546,0.453639632365697,0.3660320504690074,8.744760384688146,True,True,1
16,18.16670349712537,18.404384579637668,2.315498437956395,1.1939092764644754,3.2812868367044414,12.265204587482115,1.141821009101796,1.9796019628421666,1.867854519538158,-0.11174744330400865,1.3922514760817788,1.3838227137539785,-842.8762327800321,0.19001291566515374,0.45511625918851134,0.35487082514633495,19.784713423110492,False,True,1
17,16.827232919002718,14.518767617555003,1.4854729464683198,1.1541926709802421,17.990779769832084,30.23083197894649,1.174065522293992,1.9533811560570193,1.769857828638621,-0.18352332741839827,1.306007014782624,1.2954694322716873,-1053.7582510936616,0.17871156372319363,0.4459678845121393,0.3753205517646671,18.08927538792792,True,True,1
18,4.4397945829573615,7.335200657761844,7.128722872847298,1.3328434605709036,6.638059350804484,19.731776516510156,1.261064846743819,2.3029447656053565,1.9262733789525164,-0.37667138665284017,1.15294274184702,1.1371493852762764,-1579.3356570743545,0.1809099223704189,0.4570790266659844,0.3620110509635968,7.885340707093982,True,True,1
19,15.313243292135805,16.494853444476455,0.6061163294319675,1.2661270997481127,3.9013424689450895,31.691223460557424,1.141915033205877,2.0141098030145987,1.8638676308712412,-0.15024217214335756,1.3766155522150192,1.3666928593047583,-992.2692910260932,0.18830296091681525,0.4562567511953755,0.3554402878878091,17.73196745281219,True,True,1
20,2.500968997781994,12.10085349007313,1.0060534716190683,1.2241249234784348,2.3339357065220403,26.964527959344643,1.4994484429688553,2.668709132710879,2.3855111628590415,-0.28319796985183743,1.2135427917912402,1.2018499539121419,-1169.283787909836,0.18794667490088204,0.4580079564128667,0.35404536868625125,13.008417501828614,True,True,1
21,13.104619525086905,12.002378674402584,4.386980499111996,1.1611364474693273,10.577759670711009,14.625452335036123,1.140411502145009,2.018916077388564,1.7688555333291065,-0.25006054405945743,1.287433153035296,1.2771624146981397,-1027.0738337156304,0.18252831772101766,0.4487566133801833,0.36871506889879896,14.087465989468422,True,True,1
22,3.7521204908287746,2.1559568960499633,4.050640142216385,1.2296446935499898,11.17805968397959,38.67729956795543,1.30582722034111,2.408516807359759,1.7869207770137694,-0.6215960303459898,0.7512917002163371,0.7341198939995114,-1717.180621682568,0.16594586181825405,0.4547322467652009,0.37932189141654504,4.033529527640932,True,True,1
23,19.297443967063998,12.932012069045413,5.075869030255975,1.2043147967986079,3.181826440249628,19.627258222337872,1.2857095750327172,2.2912095307801494,2.0482544623952,-0.2429550683849495,1.3164606168618231,1.3060588901453387,-1040.1726716484427,0.18700214416532196,0.45548669382048146,0.35751116201419647,20.744752264593796,False,False,1
24,5.460286587922812,7.5267581919621165,2.7896130103641226,1.3377809683436828,4.618854944441692,34.627819888083955,1.2374353945297396,2.275370093599846,1.887664138731387,-0.38770595486845916,1.1335068407470175,1.1180769430447237,-1542.989770229375,0.1792960029060356,0.4584933289639158,0.3622106681300485,8.091265056359275,True,True,1
25,16.054728826127164,7.389797467987025,3.016494679387018,1.2632464561364916,6.276348970940866,12.503072091812749,1.5446566565854556,2.7131780809962582,2.4505463067139424,-0.2626317742823159,1.3064363387561233,1.2959242535859066,-1051.2085170216733,0.18733888231961898,0.45653136108824505,0.35612975659213614,17.2588334880867,True,True,1
26,5.9301764036260725,11.625286045393924,3.5712111137309583,1.2139403449932842,9.75682429017117,13.097134850301408,1.2989853501797541,2.3128475479256014,2.0309486846529055,-0.281898863272696,1.2858662937459828,1.2752935046107114,-1057.2789135271375,0.18429923940237292,0.4512446047020281,0.3644561558955989,12.497182498798468,True,True,1
27,8.843465685084531,15.773048569773332,2.2942395947213297,1.1801836366847323,10.95032850366328,13.869963797230337,1.2594022548246022,2.197814566582141,2.0003301053608835,-0.1974844612212574,1.3388843167407647,1.3300637563662376,-882.0560374527054,0.18506349201502628,0.4489926343473738,0.3659438736376001,16.95602721250633,True,True,1
28,11.722936088990231,10.400039716506852,3.218290175099336,1.275836124993576,9.071413751758463,21.787000339054536,1.1632569369222054,2.033701558569346,1.81532131566512,-0.21838024290422609,1.2935080200373115,1.28228800192861,-1122.0018108701436,0.1844608215454421,0.45366144095040717,0.3618777375041507,12.602156295664498,True,True,1
29,15.138984875139334,18.889604456546305,6.3612133669000634,1.248908525514652,5.296353833144046,33.4282854519445,1.2154544942592307,2.1699104886576746,1.9466905646960901,-0.2232199239615844,1.3048186979964995,1.2932291999372751,-1158.949805922438,0.18337435050927564,0.45259172652312096,0.3640339229676035,20.306324790787276,False,False,1
30,4.146147971691276,17.638808704118873,5.984658544438535,1.2999674953287932,2.649054604939212,16.88598292643545,1.4630181187209514,2.6686351239950303,2.354376592365196,-0.3142585316298345,1.3102362692035536,1.3001915960104105,-1004.4673193143173,0.18895496647170534,0.4587302997015051,0.3523147338267896,18.961719356927787,True,True,1
31,19.57118038131429,13.064374507834378,0.07427033572417606,1.2330984829244784,2.1437841685263366,16.038889603251675,1.2667255320101185,2.251088612916922,2.0699434981002676,-0.1811451148166543,1.40746642333253,1.4006273454119216,-683.9077920608449,0.19403587953734808,0.45925410960100355,0.3467100108616486,21.03901890991286,False,False,1
32,7.675080132374458,18.232550118970135,0.3146453629777932,1.266825977658945,4.241727236166242,21.055515596768807,1.3141947625602541,2.274670247046176,2.0989203049522374,-0.17574994209393857,1.3880685207082526,1.3793064227118663,-876.2097996386276,0.19006037813936086,0.4564202949973091,0.35351932686333015,19.599991377892895,True,True,1
33,18.321299152575804,2.640301629637581,6.167039689808979,1.3139656875283885,5.726616248499714,31.86726670244102,2.11908233253902,3.7774366034892486,3.073364805674059,-0.7040717978151898,1.0107957317658283,0.9940147049133689,-1678.1026852459413,0.17135488193195103,0.4566389677469975,0.37200615032105155,19.695396589018987,True,True,1
34,6.478088215662564,4.511768826495917,1.3478123140469784,1.2370648104666286,7.117020070193473,37.607726046982854,1.2109861818723846,2.198571894283592,1.8152175416195948,-0.3833543526639971,1.0305910780688339,1.0127900760608612,-1780.1002007972634,0.17379593288257308,0.4547866634102237,0.3714174037072033,6.963944831837256,True,True,1
35,4.628152429029315,4.602502191135308,6.9502602640694375,1.1955347961148726,3.827742701870263,15.45067884530971,1.1403757074163792,2.094603292860864,1.737735734748469,-0.35686755811239523,1.065788616677116,1.0502475441562944,-1554.1072520821597,0.1806011058052596,0.45671909941000194,0.36267979478473855,4.975263861206514,True,True,1
36,3.106442563906506,6.718688921440781,4.687492042756989,1.334812530680382,6.771050634737697,26.444907033555623,1.3219206143808777,2.472296877765998,2.0383547980709142,-0.4339420796950839,1.102949288130667,1.088641661569478,-1430.7626561189002,0.1810572579326136,0.45989542482738127,0.35904731724000505,7.2225905905488395,True,True,1
37,9.585077622162839,3.8734760920617957,2.481159186377194,1.1540070225457861,12.314355147364386,18.79537499738209,1.5947626637638177,2.812941845090834,2.3762146684823793,-0.43672717660845484,1.0942130887797388,1.0803468618601355,-1386.6226919603264,0.17860115802724078,0.4513922763182615,0.37000656565449763,10.303958443825051,True,True,1
38,13.41984843608993,9.369528091310144,1.0522110947118617,1.1687237688158612,18.011892004996973,17.69146966094153,1.2787234189559729,2.190226598041106,1.9255508391126142,-0.2646757589284918,1.292849299597747,1.2834809441416475,-936.8355456099487,0.1831316453827312,0.44907058176279974,0.36779777285446896,14.426337068796675,True,True,1
39,16.41192630448297,13.875807199860347,7.296057154636896,1.1700607511588301,15.16438722412385,29.228495534222567,1.203573911233357,2.065531390879493,1.795776562800884,-0.26975482807860884,1.2383260262795388,1.2277827644901016,-1054.3261789437208,0.17819061295464178,0.44659750510750285,0.3752118819378552,17.642820777319194,True,True,1
40,3.3919998879869455,8.198717930475821,3.400366507322134,1.2879121383606895,9.204599565565047,20.262448728557985,1.3668546959786032,2.418869541794399,2.0079580226121254,-0.41091151918227364,1.1663917808461912,1.1530926273041047,-1329.9153542086551,0.18006650710505862,0.45584700493547636,0.36408648795946497,8.813621775261508,True,True,1
41,14.998094561977595,9.005779350899623,2.124456056612133,1.2020257098826956,14.79861967155472,23.13841850760968,1.3621152859171606,2.335737241087132,2.1401638965535446,-0.19557334453358743,1.2688015401896953,1.2580332127877543,-1076.8327401941003,0.18204335157950174,0.4504987686905562,0.367457879729942,16.122951654125913,True,True,1
42,18.05561880947639,16.02636705623546,2.0473561035533465,1.1500002716423556,2.148648716247317,39.60878704267069,1.1744898240798542,2.052846294348055,1.808845605945104,-0.24400068840295108,1.2905212386040585,1.2788858275443886,-1163.541105966992,0.1857074224676869,0.4547819001562375,0.3595106773760757,19.409790220187116,True,True,1
43,18.355758293543644,15.604711575727913,2.0468369272902316,1.1500003854394303,2.151607162872694,39.011806830841834,1.1722356917564982,2.0810278418842905,1.8183650065625545,-0.26266283532173595,1.2888306101625495,1.2761411817781618,-1268.942838438769,0.18500211073486755,0.4540624329550362,0.3609354563100963,19.732440165559417,True,True,1
44,18.356715402425266,15.555488380735166,2.0630541818255113,1.1500076125598786,2.124014641329836,38.8245118404669,1.186209616147251,2.08378551392877,1.852361654003319,-0.231423859925451,1.2872896358957948,1.275800723386234,-1148.8912509560744,0.18502652439561876,0.45417422121108714,0.36079925439329424,19.73346905760716,True,True,1
45,18.466044779101455,15.261258429062963,1.855675444777777,1.1506259715141398,2.4875005879821326,39.838772503994484,1.1865941615434734,2.0788993058053182,1.8204985693363993,-0.2584007364689189,1.2902676130683097,1.278012763666436,-1225.4849401873712,0.1847576803866371,0.453640465736028,0.361601853877335,19.850998137534063,False,True,1
46,18.434222693752783,15.334475577663378,1.7657027871653566,1.1500351864790248,5.757537571013353,39.19236125096447,1.1868848258110236,2.0825750396340457,1.797284340374078,-0.28529069925996775,1.2942936887653078,1.2826613351261857,-1163.2353639122073,0.1812212231116888,0.44996812582013707,0.36881065106817434,19.81678939578424,False,True,1
47,18.229122970969282,15.672975386943632,2.3801250016975253,1.1501070346941764,5.076691072469228,37.934006185145655,1.1742679364149875,2.026938461379543,1.78046220656556,-0.24647625481398294,1.2844256827372622,1.2722313277864812,-1219.4354950781028,0.1817423809585287,0.4494687190787007,0.3687888999627707,19.596307193791976,True,True,1
48,7.108478026490071,7.4158073395515,0.003988515288281543,1.1500116621390266,2.002320442463402,12.000130321355869,1.1184255392767097,2.027585913224646,1.8555325834874015,-0.1720533297372444,1.2781971029963006,1.2693413748416245,-885.5728154676168,0.19467687786972168,0.4594011432917744,0.3459219788385038,7.971992890017862,True,True,1
49,7.0840411699154044,7.392209308073241,0.00046043863501106703,1.1500071082265317,2.002212860157265,12.046311783778037,1.1067939556671582,1.9827539360492434,1.8292776323598097,-0.15347630368943377,1.2777101950609686,1.2696968633178551,-801.3331743113472,0.19411526288358705,0.45999266977931696,0.34589206733709604,7.946625006178734,True,True,1
50,7.107664956813114,7.452616083427075,0.015887978766972975,1.1500995736827302,2.001431996886468,12.001612960432087,1.1231349538053452,2.0176684917106544,1.8751703447242214,-0.14249814698643304,1.2758849598582969,1.2671491088805849,-873.5850977712012,0.1944511812451486,0.45971351380586023,0.345835304948991,8.011562289684106,True,True,1
51,7.1253841645961815,7.512434066967646,0.005647671895652543,1.1500057559375367,2.005214545111474,12.02657085124794,1.1155208710711826,2.064714611283489,1.8350601240141735,-0.2296544872693156,1.278912087663531,1.269919711292609,-899.2376370921872,0.19383255722087087,0.4591196304215646,0.34704781235756443,8.075866621990219,True,True,1
52,7.12704092961836,7.556601280320639,0.005647671895652543,1.1500057559375367,2.00513291076858,12.010384225828096,1.127564460532109,2.010597640282154,1.825179913494425,-0.18541772678772905,1.279642082346172,1.271518689415542,-812.3392930630135,0.19445730841920505,0.4597272529899188,0.3458154385908762,8.123346376344687,True,True,1
53,7.113928064207963,7.582508688073593,0.0022830472178530454,1.1500039585413797,2.004364251256658,12.000077636644564,1.1136570997451039,2.0255171881671705,1.8159553768466854,-0.20956181132048513,1.280945862375457,1.2725716614023326,-837.4200973124468,0.19460710701439013,0.4594999976759701,0.34589289530963957,8.15119683967911,True,True,1
54,13.071883847373613,15.00186792805939,1.423163147411881,1.1501790654338042,19.414511744825614,39.999128626482516,1.169701041188127,2.0011712562298114,1.8000343162803911,-0.20113693994942028,1.273863796519332,1.2625602322223886,-1130.3564296943457,0.17854262259883608,0.4444288989614528,0.3770284784397112,16.127008022663844,True,True,1
55,13.071883847373613,15.00175520546466,1.8610437797284145,1.1500931782500379,19.414511744825614,39.999128626482516,1.1764250696547722,2.070780006171118,1.7888507617390543,-0.2819292444320636,1.2638515840744462,1.2522770499037317,-1157.4534170714523,0.17663254610291726,0.4446428687100807,0.3787245851870023,16.12688684587451,True,True,1
56,13.198949566807986,15.337990811540195,1.7975400680501832,1.1513466950785731,19.39083116837458,39.93120113889835,1.194717299969644,2.0338690133222723,1.8232901893336535,-0.21057882398861882,1.2690061227239968,1.2579247780499567,-1108.1344674040095,0.17735619580040984,0.44499391703730257,0.3776498871622873,16.48834012240571,True,True,1
57,13.08990473332866,15.129033013581395,1.675402861699669,1.1501145712014142,19.439460533386317,39.72844036668839,1.1691309398179746,2.0034360832743103,1.7856779517130759,-0.21775813156123447,1.2690286260995005,1.2580302253314068,-1099.8400768093663,0.17729864206214732,0.44454213637710066,0.3781592215607521,16.263710489599998,True,True,1
58,13.194868753128457,15.12925654475394,1.7591610101242863,1.1500209427178476,19.47234618879819,39.94970666080899,1.1720539606796128,2.0913682154838624,1.7636319106696186,-0.3277363048142439,1.2682720608729612,1.2566125284359642,-1165.9532436997022,0.17729257944379126,0.4451480380016782,0.3775593825545306,16.263950785610483,True,True,1
59,13.281376065336783,15.158333526087718,1.763802854481794,1.1500813764738032,19.36784283593924,39.998531077016224,1.1898077472798307,2.0113397504454675,1.8435293201898215,-0.16781043025564601,1.2683630235494678,1.2570543868623665,-1130.863668710136,0.17709581427972815,0.44470583109157225,0.37819835462869966,16.295208540544298,True,True,1
